{
    "name": [
        "The name of the college is The British College"
    ],
    "hi": [
        "Hello, {name}! How can I help you?",
        "Welcome, {name}! How may I assist you?"
    ],
    "principal": [
        "The name of our Principal is Dr. Patrick M."
    ],
    "admission": [
        "Admissions will start from the second week of September. For more details, contact us or visit our website www.www.com"
    ],
    "location": [
        "Our college is located in Thapathali, Kathmandu, Nepal."
    ],
    "facilities": [
        "We have facilities like sports, a cafe, a library, a VR room, and more."
    ],
    "coffee": [
        "The campus coffee bar is open from 8 AM to 8 PM daily."
    ],
    "disconnect": [
        "Oh no, it seems like we've been disconnected! Please refresh to reconnect."
    ],
    "noreply": [
        "Sorry, I am not trained to answer that.",
        "I don't have an answer for that yet."
    ]
}